barters,estimated_probability,count,frequency
227,2.9862161550778076e-11,1,9.626724804639819e-9
270,2.5741827105133646e-9,2,1.9253449609279638e-8
272,3.0801689062436066e-9,1,9.626724804639819e-9
273,3.0801689062436066e-9,1,9.626724804639819e-9
274,4.01530521140948e-9,1,9.626724804639819e-9
276,4.381655383642433e-9,2,1.9253449609279638e-8
278,5.675929720870133e-9,2,1.9253449609279638e-8
279,6.1809562955571825e-9,4,3.8506899218559276e-8
280,6.1809562955571825e-9,1,9.626724804639819e-9
281,7.318664060557053e-9,2,1.9253449609279638e-8
282,6.727494962360106e-9,1,9.626724804639819e-9
283,7.318664060557053e-9,1,9.626724804639819e-9
285,9.394376063968294e-9,2,1.9253449609279638e-8
286,9.394376063968294e-9,2,1.9253449609279638e-8
287,1.200574700134921e-8,4,3.8506899218559276e-8
288,1.3016016722024332e-8,3,2.888017441391946e-8
289,1.200574700134921e-8,4,3.8506899218559276e-8
290,1.3016016722024332e-8,5,4.81336240231991e-8
291,1.653909657146132e-8,2,1.9253449609279638e-8
292,1.5276993288764036e-8,6,5.776034882783892e-8
293,1.7897141077010618e-8,5,4.81336240231991e-8
294,1.935775505901216e-8,8,7.701379843711855e-8
295,1.935775505901216e-8,3,2.888017441391946e-8
296,2.261527053715787e-8,5,4.81336240231991e-8
297,2.261527053715787e-8,6,5.776034882783892e-8
298,2.4427561258411704e-8,5,4.81336240231991e-8
299,2.8461227842258675e-8,7,6.738707363247874e-8
300,3.3102351126966014e-8,9,8.664052324175838e-8
301,3.567604639730043e-8,5,4.81336240231991e-8
302,3.567604639730043e-8,8,7.701379843711855e-8
303,3.567604639730043e-8,7,6.738707363247874e-8
304,4.454586449250488e-8,6,5.776034882783892e-8
305,4.7927080306915885e-8,9,8.664052324175838e-8
306,4.7927080306915885e-8,4,3.8506899218559276e-8
307,5.540906878251381e-8,9,8.664052324175838e-8
308,5.540906878251381e-8,12,1.1552069765567783e-7
309,6.39527723107765e-8,8,7.701379843711855e-8
310,6.866433455574409e-8,13,1.2514742246031764e-7
311,7.369302676237159e-8,11,1.0589397285103801e-7
312,7.369302676237159e-8,11,1.0589397285103801e-7
313,7.905805257387353e-8,15,1.444008720695973e-7
314,9.087907597029674e-8,20,1.925344960927964e-7
315,8.477963771838273e-8,14,1.3477414726495748e-7
316,8.477963771838273e-8,18,1.7328104648351675e-7
317,1.1167447832915572e-7,18,1.7328104648351675e-7
318,1.043023141922734e-7,24,2.3104139531135567e-7
319,1.1952132739945536e-7,25,2.406681201159955e-7
320,1.3674998287350878e-7,20,1.925344960927964e-7
321,1.3674998287350878e-7,20,1.925344960927964e-7
322,1.5622422296200554e-7,19,1.8290777128815656e-7
323,1.6688366647089702e-7,27,2.599215697252751e-7
324,1.782039486486701e-7,26,2.502948449206353e-7
325,1.782039486486701e-7,31,2.984284689438344e-7
326,1.9022162928207221e-7,31,2.984284689438344e-7
327,2.02975022677889e-7,33,3.1768191855311404e-7
328,1.9022162928207221e-7,46,4.428293410134317e-7
329,2.165042670589571e-7,35,3.3693536816239366e-7
330,2.4606041170198335e-7,45,4.332026162087919e-7
331,2.792504116474756e-7,46,4.428293410134317e-7
332,2.792504116474756e-7,46,4.428293410134317e-7
333,2.973299340703491e-7,38,3.658155425763131e-7
334,3.164685811987959e-7,45,4.332026162087919e-7
335,3.581457841182207e-7,60,5.776034882783892e-7
336,3.8080182860464254e-7,58,5.583500386691095e-7
337,3.8080182860464254e-7,69,6.642440115201476e-7
338,4.047521538518327e-7,64,6.161103874969484e-7
339,4.3006213145041006e-7,92,8.856586820268634e-7
340,4.567999523538846e-7,76,7.316310851526262e-7
341,4.850367238950643e-7,74,7.123776355433467e-7
342,5.148465690204033e-7,85,8.182716083943847e-7
343,5.463067277317624e-7,94,9.04912131636143e-7
344,5.794976607479323e-7,96,9.241655812454227e-7
345,6.514104335898689e-7,103,9.915526548779013e-7
346,6.514104335898689e-7,106,1.0204328292918208e-6
347,6.903102623192529e-7,114,1.0974466277289395e-6
348,7.312970659156766e-7,118,1.1359535269474987e-6
349,8.19928272334933e-7,146,1.4055018214774137e-6
350,8.677808536848703e-7,132,1.2707276742124562e-6
351,8.677808536848703e-7,116,1.116700077338219e-6
352,8.677808536848703e-7,120,1.1552069765567783e-6
353,9.181370070151405e-7,153,1.4728888951098923e-6
354,1.026822304289055e-6,156,1.5017690695238118e-6
355,9.711112066363188e-7,144,1.386248371868134e-6
356,1.1469532537280254e-6,161,1.549902693547011e-6
357,1.2116338520589693e-6,203,1.9542251353418833e-6
358,1.3509137041839438e-6,182,1.7520639144444472e-6
359,1.3509137041839438e-6,199,1.915718236123324e-6
360,1.3509137041839438e-6,215,2.0697458329975614e-6
361,1.5043956791054914e-6,176,1.6943035656166082e-6
362,1.4258035055971306e-6,232,2.233400154676438e-6
363,1.6733272104721234e-6,259,2.4933217244017134e-6
364,1.859045222792929e-6,284,2.7339898445177087e-6
365,1.764000727134854e-6,250,2.406681201159955e-6
366,2.0629807590212522e-6,318,3.0612984878754627e-6
367,2.172254195582531e-6,331,3.1864459103357804e-6
368,2.28666370379948e-6,331,3.1864459103357804e-6
369,2.406416752355585e-6,360,3.465620929670335e-6
370,2.28666370379948e-6,373,3.5907683521306527e-6
371,2.5317275929652575e-6,391,3.7640493986141693e-6
372,2.6628174146497857e-6,398,3.831436472246648e-6
373,2.799914498926153e-6,416,4.004717518730165e-6
374,2.799914498926153e-6,437,4.206878739627601e-6
375,3.249641811007894e-6,434,4.177998565213681e-6
376,3.0930799805706477e-6,529,5.092537421654464e-6
377,3.5840149004122786e-6,472,4.543814107789995e-6
378,3.762366390155712e-6,530,5.102164146459104e-6
379,3.413198085343046e-6,536,5.159924495286943e-6
380,3.762366390155712e-6,584,5.622007285909655e-6
381,4.345494134840058e-6,586,5.641260735518934e-6
382,4.345494134840058e-6,630,6.064836626923086e-6
383,4.5568919566282015e-6,651,6.266997847820522e-6
384,4.5568919566282015e-6,688,6.623186665592196e-6
385,5.0071076380026265e-6,673,6.478785793522598e-6
386,5.496100469654229e-6,786,7.566605696446898e-6
387,5.496100469654229e-6,758,7.297057401916983e-6
388,5.756004600731425e-6,812,7.816900541367533e-6
389,6.0266615915174435e-6,836,8.04794193667889e-6
390,6.0266615915174435e-6,851,8.192342808748487e-6
391,6.6017358640996216e-6,982,9.453443758156304e-6
392,6.906928931332483e-6,941,9.05874804116607e-6
393,7.2244267265595334e-6,978,9.414936858937743e-6
394,6.906928931332483e-6,1049,0.00001009843432006717
395,8.254935998754704e-6,1122,0.000010801185230805878
396,8.254935998754704e-6,1180,0.000011359535269474987
397,8.62589328360123e-6,1209,0.000011638710288809543
398,9.411710914298745e-6,1234,0.000011879378408925537
399,9.011329130958995e-6,1262,0.000012148926703455453
400,9.827517187508304e-6,1356,0.000013053838835091595
401,9.827517187508304e-6,1419,0.000013660322497783905
402,0.000010707374082480398,1447,0.000013929870792313819
403,0.00001117243884412087,1536,0.000014786649299926763
404,0.000011654956612678427,1506,0.000014497847555787569
405,0.000012155463685636678,1587,0.000015277612264963392
406,0.000013212650492826496,1705,0.00001641356579191089
407,0.000013770462688689063,1772,0.000017058556353821762
408,0.000014348529307136197,1839,0.00001770354691573263
409,0.000013770462688689063,1963,0.000018897260791507966
410,0.000015567825171089636,2023,0.000019474864279786353
411,0.000015567825171089636,2128,0.000020485670384273536
412,0.000015567825171089636,2121,0.000020418283310641057
413,0.00001687546092876959,2264,0.000021794904957704552
414,0.000017563999355706984,2295,0.000022093333426648386
415,0.000019013813942194856,2480,0.000023874277515506752
416,0.000019776446904312336,2436,0.000023450701624102602
417,0.000019776446904312336,2665,0.000025655221604365118
418,0.000019776446904312336,2664,0.00002564559487956048
419,0.000022223658048469245,2809,0.00002704146997623325
420,0.000022223658048469245,2949,0.000028389211448882826
421,0.00002399515751860512,2971,0.000028600999394584905
422,0.000024925162127261997,3093,0.000029775459820750963
423,0.00002399515751860512,3308,0.000031845205653748524
424,0.000025885698898336994,3386,0.00003259609018851043
425,0.000027901533110865755,3572,0.00003438666100217343
426,0.00002687755565423877,3499,0.00003368391009143473
427,0.000028958444854310635,3610,0.00003475247654474975
428,0.00003004911730931438,3942,0.000037948549179890165
429,0.00003117438969908557,3938,0.00003791004228067161
430,0.0000323351139965541,4249,0.00004090395369491459
431,0.000033532154866891396,4174,0.000040181949334566606
432,0.000036038708038644414,4477,0.00004309884695037247
433,0.00003476638960074386,4593,0.00004421554702771069
434,0.000037350012486011926,4721,0.00004544776780270459
435,0.00004009325037849706,4815,0.00004635267993434073
436,0.00004152704986064948,5161,0.00004968352671674611
437,0.000043003567189034985,5274,0.00005077134661967041
438,0.000043003567189034985,5348,0.00005148372425521375
439,0.00004452376538330885,5594,0.00005385189855715515
440,0.00004608861921525431,5712,0.00005498785208410265
441,0.00004769911505511161,5932,0.00005710573154112341
442,0.000051061035236795596,6197,0.00005965681361435296
443,0.00005281448878301711,6413,0.00006173618617215516
444,0.00005281448878301711,6592,0.00006345936991218568
445,0.000054617642365543714,6795,0.00006541359504752757
446,0.000058377226870025445,7121,0.00006855190733384016
447,0.000056471537677815,7368,0.0000709297083605862
448,0.00006033577232220684,7486,0.00007206566188753368
449,0.00006441573123350571,7628,0.00007343265680979255
450,0.000058377226870025445,7879,0.00007584896473575714
451,0.00006653931840149935,8071,0.00007769729589824799
452,0.0000687201087161309,8466,0.00008149985219608071
453,0.00007325774636563104,8800,0.00008471517828083041
454,0.0000687201087161309,8929,0.00008595702578062895
455,0.000078037623871434,9378,0.00009027942521791223
456,0.000078037623871434,9481,0.00009127097787279013
457,0.00007561683877750092,9878,0.00009509278762023214
458,0.00008568159581863778,10179,0.00009799043178642872
459,0.00008568159581863778,10448,0.00010058002075887684
460,0.00009110717413365039,10719,0.00010318886318093423
461,0.00008836064758829035,10974,0.00010564367800611737
462,0.00009110717413365039,11315,0.00010892639116449956
463,0.00009680735948344483,11558,0.00011126568529202704
464,0.00009680735948344483,12054,0.00011604054079512839
465,0.0001058932590061009,12177,0.00011722462794609908
466,0.00010906950046809382,12706,0.00012231716536775355
467,0.0001058932590061009,12980,0.00012495488796422486
468,0.00011232154721659491,13762,0.00013248298676145318
469,0.0001156506046240546,13951,0.0001343024377495301
470,0.0001190578805444978,13996,0.00013473564036573893
471,0.0001225445848397861,14569,0.00014025175367879752
472,0.0001190578805444978,14943,0.00014385214875573283
473,0.00012611192889724324,15706,0.000151197339781673
474,0.00013349338651350362,15812,0.00015221777261096483
475,0.00012611192889724324,16360,0.00015749321780390746
476,0.00013730992599789548,16874,0.0001624413543534923
477,0.00014520068816348554,17554,0.0001689875272206474
478,0.00015344309586980037,17500,0.00016846768408119685
479,0.00015344309586980037,18248,0.00017566847423506742
480,0.00015344309586980037,18393,0.0001770643493317402
481,0.00015769918435870598,18899,0.00018193547208288796
482,0.00016648713945147263,19552,0.00018822172338031775
483,0.00017102139785848036,20145,0.00019393037118946917
484,0.00017565076350400247,20465,0.0001970109231269539
485,0.00018037641960062575,21092,0.00020304687957946308
486,0.00017565076350400247,21734,0.00020922723690404183
487,0.00017102139785848036,22356,0.0002152150597325278
488,0.00020026538496402545,22659,0.00021813195734833368
489,0.00020549000517932638,23014,0.0002215494446539808
490,0.00020549000517932638,24124,0.000232235109187131
491,0.00020549000517932638,24545,0.00023628796032988436
492,0.00020549000517932638,25027,0.00024092804168572077
493,0.00022178780065770632,25765,0.00024803256459154493
494,0.00021081786473874087,26219,0.0002524030976528514
495,0.00022178780065770632,27111,0.00026099013617859017
496,0.00023318408151753168,27590,0.0002656013373600126
497,0.0002450154077112746,28201,0.00027148326621564755
498,0.00025109687505978583,29067,0.00027982000989646566
499,0.00025109687505978583,29762,0.0002865105836356903
500,0.0002635966192262563,30399,0.0002926428073362459
501,0.0002572902704692542,31285,0.00030117208551315677
502,0.00027655219878233456,31490,0.0003031455640981079
503,0.00027655219878233456,32458,0.00031246423370899924
504,0.00029685741242106917,33384,0.0003213785808780957
505,0.00029685741242106917,33916,0.00032649999847416414
506,0.00029685741242106917,34542,0.00033252632820186866
507,0.0003182312785263433,35856,0.00034517584459516537
508,0.0003255975369744988,36203,0.0003485163181023754
509,0.0003330860291483062,36948,0.00035568822808183207
510,0.00034069757130620996,37686,0.00036279275098765625
511,0.00034069757130620996,38730,0.0003728430516837002
512,0.0003330860291483062,39371,0.0003790137822834743
513,0.000348432956757357,40428,0.0003891892304019786
514,0.0003723897481275646,41103,0.0003956872696451105
515,0.0003806279582348826,41810,0.00040249336408199087
516,0.0003806279582348826,42922,0.00041319828206475034
517,0.0003889936113752921,44070,0.00042424976214047684
518,0.00039748734968141433,44807,0.0004313446583214964
519,0.00039748734968141433,45734,0.0004402686322153975
520,0.00040610978788593573,46597,0.00044857649572180167
521,0.000423743082235358,47507,0.0004573368152940239
522,0.00044189784108362084,48695,0.000468773364361936
523,0.00045117199809802707,49355,0.0004751270027329983
524,0.00045117199809802707,50372,0.00048491738185931697
525,0.00045117199809802707,51264,0.0004935044203850557
526,0.00046057793404817555,52227,0.0005027749563719238
527,0.00047978673507479146,53121,0.0005113812483472719
528,0.0004995271043563372,54307,0.0005227985439655747
529,0.0004895903154724852,55462,0.0005339174111149336
530,0.0005198013708493993,56249,0.0005414936435361852
531,0.0005095973761080879,57577,0.0005542779340767469
532,0.0005095973761080879,58562,0.0005637602580093171
533,0.000551217569701622,60178,0.0005793170452936151
534,0.000551217569701622,61262,0.0005897524149818446
535,0.0005619581548118002,61803,0.0005949604731011548
536,0.0005838425260536552,63079,0.0006072441739518752
537,0.0005838425260536552,64611,0.0006219923163525834
538,0.0005838425260536552,65798,0.0006334192386956908
539,0.0005949863231262505,66960,0.0006446054929186824
540,0.0005949863231262505,68043,0.0006550312358821073
541,0.0006292234278399357,68866,0.0006629540303963259
542,0.0006527182075228835,70488,0.0006785685780294516
543,0.000640903938389546,71482,0.0006881375424852635
544,0.0006646659880505027,72998,0.0007027316572890976
545,0.0006889608930092487,74554,0.0007177108410851171
546,0.0007013073205964803,75203,0.0007239585854833284
547,0.0006646659880505027,76780,0.0007391399305002453
548,0.0007263960756856399,78092,0.0007517701934439328
549,0.0007263960756856399,78808,0.0007586629284040549
550,0.0007263960756856399,80559,0.0007755193235369792
551,0.0007650115601186316,81683,0.0007863397622173944
552,0.00075200947918293,83277,0.0008016847615559902
553,0.0007781430819704492,84597,0.0008143920382981148
554,0.0007914033827249086,85514,0.0008232197449439695
555,0.0008047917576814949,87224,0.0008396814443599036
556,0.0008183074593024978,87920,0.000846381644823933
557,0.0008047917576814949,89569,0.000862256114026784
558,0.0008457176374263567,91295,0.0008788718410395923
559,0.0008736270755378705,92456,0.0008900484685377792
560,0.0008736270755378705,93769,0.0009026883582062712
561,0.000859610403582171,95666,0.000920950255160673
562,0.0009020282402552622,97877,0.0009422349437037316
563,0.0009164106763491352,98957,0.0009526318064927426
564,0.0009455337891759385,99394,0.0009568386852323702
565,0.0009309129048919949,102189,0.0009837453810613386
566,0.0009455337891759385,103483,0.0009962023629585424
567,0.0009164106763491352,105321,0.0010138962831494705
568,0.000990096360353929,106422,0.001024495307159379
569,0.0009751267617234825,107965,0.0010393493435329382
570,0.0010203752351824363,109230,0.0010515271504108075
571,0.0010510977836489738,111214,0.0010706265724232129
572,0.0010666218144365005,111938,0.001077596321181772
573,0.0010510977836489738,114270,0.0011000458434261922
574,0.0010666218144365005,115885,0.0011155930039856855
575,0.0010666218144365005,117772,0.0011337586336920408
576,0.001082252333595256,118032,0.0011362615821412473
577,0.00114580737595436,120281,0.001157912086226882
578,0.0010979877765083742,121645,0.0011710429388604108
579,0.0011619460354003804,123623,0.0011900846005239885
580,0.0011781811737243866,124844,0.0012018388315104536
581,0.0011945109796575593,127034,0.0012229213588326147
582,0.0011781811737243866,128486,0.0012368993632489518
583,0.001227447149717355,130185,0.001253255168692035
584,0.0012440496928793469,131333,0.0012643066487677615
585,0.0012775138513504392,133640,0.0012865155028920655
586,0.0012440496928793469,135069,0.0013002720926378957
587,0.0012943714141250646,137002,0.0013188805516852645
588,0.0012943714141250646,139060,0.0013386923513332132
589,0.001328327093668623,141099,0.001358321243209874
590,0.0013454209345269011,141695,0.0013640587711934392
591,0.0013798296580680458,143197,0.0013785181118500082
592,0.0013798296580680458,145447,0.001400178242660448
593,0.0014145180793829488,147531,0.0014202403371533171
594,0.0013625891985326452,149532,0.0014395034134874014
595,0.0014494676901302954,151633,0.0014597291623019498
596,0.0013971400506256474,152145,0.0014646580454019253
597,0.0014670345122336753,154598,0.001488272401347707
598,0.0014846594520141754,156526,0.0015068327267710525
599,0.0014494676901302954,158639,0.0015271739962832564
600,0.0015023400501653857,160060,0.0015408535722306496
601,0.0015023400501653857,161197,0.001551799158333525
602,0.0015378582322384407,163487,0.00157384435813615
603,0.0015023400501653857,164873,0.001587186998715381
604,0.0015556907474749205,166798,0.0016057184439643127
605,0.0016094509799421842,168742,0.0016244327969845325
606,0.0016274498464767754,170216,0.0016386225893465715
607,0.0016094509799421842,171597,0.0016519170963017792
608,0.0016274498464767754,173826,0.0016733750658913212
609,0.0016635496987711528,175390,0.001688431263485778
610,0.0017179137905989994,178038,0.001713922830768464
611,0.0016997675331863727,179274,0.001725821462626999
612,0.0017360812158280828,180747,0.0017400016282642335
613,0.0017542669885813834,182896,0.0017606894598694045
614,0.0017724682687297066,185526,0.0017860077461056072
615,0.0017542669885813834,186358,0.0017940171811430675
616,0.001808905896649256,188813,0.0018176507905384583
617,0.0018453710144980273,189967,0.0018287600309630126
618,0.0018271364727097405,192722,0.0018552816577997954
619,0.0017906821971611583,193367,0.001861490895298788
620,0.0019000690988860152,195340,0.0018804844233383424
621,0.0018818402753439762,197676,0.0019029724524819809
622,0.0019000690988860152,198901,0.0019147651903676647
623,0.0019000690988860152,200949,0.001934480722767567
624,0.0019365002962557702,202736,0.0019516836799934585
625,0.0019728763120350525,205615,0.0019793990207060165
626,0.0019910361210669306,207223,0.0019948787941918775
627,0.0019728763120350525,208748,0.002009559549518953
628,0.002027284255393508,210007,0.0020216795960479946
629,0.002045366525257692,211701,0.0020379872678670543
630,0.002045366525257692,213264,0.0020530338387367065
631,0.002045366525257692,215443,0.002074010472086017
632,0.0020994097016824908,217294,0.002091829539699405
633,0.0021173460707230333,219125,0.0021094560728167006
634,0.0020994097016824908,219995,0.002117831323396737
635,0.002135238349892759,221914,0.002136305008296841
636,0.002135238349892759,224057,0.002156935079553184
637,0.0022063056127412904,226251,0.002178056113774564
638,0.0021886201676262953,227900,0.002193930582977415
639,0.0022063056127412904,229695,0.0022112105540017433
640,0.0022414955128353606,230815,0.00222199248578294
641,0.0022063056127412904,232715,0.0022402832629117558
642,0.0022414955128353606,233770,0.002250439457580651
643,0.0022414955128353606,236341,0.0022751897670533795
644,0.0023110665287556166,238698,0.002297879957417916
645,0.0023110665287556166,239935,0.002309788216001255
646,0.0023110665287556166,241891,0.0023286180897191307
647,0.002362442252573661,243325,0.002342422813088984
648,0.0023453994298484227,244321,0.002352011030994405
649,0.002379398694846207,246190,0.002370003379654277
650,0.0024297202506837388,247863,0.0023861088902524395
651,0.0024463017547703817,249766,0.0024044285475556693
652,0.002413040628715876,250281,0.0024093863108300586
653,0.002479158843786475,251645,0.002422517163463587
654,0.0024627822452808748,255702,0.0024615727859960113
655,0.002511588942678987,256205,0.002466415028572745
656,0.002511588942678987,256371,0.002468013064890315
657,0.002495428690005594,258198,0.002485601091108392
658,0.0025593840304244304,261456,0.0025169649605219085
659,0.0025593840304244304,262121,0.002523366732516994
660,0.0025906482993663872,262970,0.0025315398218761333
661,0.0025906482993663872,264870,0.002549830599004949
662,0.0025906482993663872,267260,0.002572838471288038
663,0.002606092498126584,268634,0.002586065591169613
664,0.002636591603687411,270175,0.002600900374093563
665,0.002606092498126584,271132,0.0026101131497316037
666,0.0026665540628986466,273119,0.002629241451918423
667,0.002681327556009041,273341,0.0026313785848250527
668,0.002695959151283621,275178,0.002649062878291176
669,0.0027104463303320213,277401,0.0026704630875318907
670,0.002681327556009041,278404,0.0026801186925109444
671,0.0027389775182879044,280614,0.0027013937543291983
672,0.0027669015909869746,280468,0.002699988252507721
673,0.0027530166446202713,281895,0.002713725588803942
674,0.0027104463303320213,283802,0.00273208375300639
675,0.0027669015909869746,285616,0.002749546631802007
676,0.0028208528862446666,286594,0.0027589615686609446
677,0.0028208528862446666,287601,0.0027686556805392166
678,0.002846843725491743,289063,0.0027827299522036
679,0.002833932216629374,290587,0.0027974010808058712
680,0.0028595852645552527,290438,0.00279596669880998
681,0.0028721547229203803,292635,0.0028171166132057736
682,0.0028721547229203803,292877,0.0028194462806084963
683,0.0028721547229203803,294145,0.0028316529676607797
684,0.002884550027620598,296460,0.002853938835583521
685,0.0029206708705891786,297350,0.0028625066206596503
686,0.002908810077162711,298184,0.00287053530914672
687,0.0029323496085516725,299618,0.0028843400325165736
688,0.0029551534573071586,300825,0.002895959489355774
689,0.002943844415617469,301984,0.0029071168634043514
690,0.002966274940548984,303963,0.0029261681517927336
691,0.0029879482689909847,303577,0.0029224522360181424
692,0.0029879482689909847,304358,0.0029299707080905663
693,0.002998496738846564,306165,0.0029473661998125505
694,0.003008850900340484,306602,0.002951573078552178
695,0.0030190091735288137,306925,0.0029546825106640767
696,0.0030190091735288137,309200,0.002976583309594632
697,0.003038731954171825,310486,0.002988963277693399
698,0.0030482935216651318,310291,0.0029870860663564944
699,0.003075762230910826,310554,0.0029896178949801143
700,0.003066809995627199,311976,0.003003307097652312
701,0.0030482935216651318,312756,0.003010815942999931
702,0.0030930483605496883,314738,0.0030298961115627276
703,0.0031095021193094626,315259,0.003034911635185945
704,0.0030845087598434157,315775,0.003039879025185139
705,0.0031174140637317566,315696,0.0030391185139255726
706,0.0031174140637317566,316740,0.0030491688146216164
707,0.003125114652980324,317223,0.0030538185227022576
708,0.0031469386155112008,319346,0.003074256059462508
709,0.0031398778495851493,319070,0.0030715990834164274
710,0.0031604142303094432,318784,0.0030688458401223
711,0.0031537843436030386,320328,0.003083709503220664
712,0.0031537843436030386,321259,0.0030926719840137836
713,0.0031537843436030386,321608,0.003096031710970603
714,0.0031730235003636685,321868,0.0030985346594198096
715,0.003179001511679019,321449,0.0030945010617266654
716,0.003179001511679019,324090,0.0031199252419357192
717,0.003200722253883089,325203,0.0031306397866432832
718,0.0031956218065874505,324508,0.0031239492129040585
719,0.003200722253883089,324982,0.003128512280461458
720,0.003214698657208269,325127,0.0031299081555581304
721,0.003205602124068846,325704,0.003135462775770408
722,0.003222908921016877,326448,0.0031426250590250596
723,0.003218914698970739,327393,0.0031517223139654444
724,0.0032302311746851727,327577,0.003153493631329498
725,0.0032266811289678077,327922,0.003156814851387099
726,0.0032266811289678077,327563,0.0031533588571822334
727,0.0032302311746851727,328213,0.003159616228305249
728,0.0032366644169987005,328052,0.0031580663256117023
729,0.0032446469987460124,328032,0.003157873791115609
730,0.0032395475468882475,328198,0.0031594718274331793
731,0.0032446469987460124,328875,0.0031659891201259206
732,0.0032506310336753996,329980,0.0031766266510350476
733,0.0032488581329773876,328576,0.0031631107294093335
734,0.0032521824869554605,329278,0.0031698686902221903
735,0.0032506310336753996,328950,0.0031667111244862685
736,0.003255511406294249,328384,0.0031612623982468424
737,0.003255511406294249,329533,0.0031723235050473736
738,0.003253512795442688,330928,0.003185752786149846
739,0.0032566301537458194,329883,0.0031756928587289976
740,0.003256860792808042,330183,0.0031785808761703896
741,0.003254622305375586,329959,0.0031764244898141504
742,0.00325687300720934,331066,0.0031870812741728867
743,0.00325687300720934,329363,0.003170686961830585
744,0.003256244606480653,329365,0.003170706215280194
745,0.0032566673977793615,330423,0.0031808912901235033
746,0.003253680169659701,329316,0.003170234505764767
747,0.003254750249442932,328999,0.003167182834001696
748,0.003255605316025637,328806,0.0031653248761144004
749,0.003250898219141108,329101,0.003168164759931769
750,0.0032523958790829153,328015,0.0031577101367939306
751,0.0032491880698517477,328274,0.003160203458518332
752,0.003242792054871698,329136,0.0031685016952999316
753,0.0032402415034776238,328587,0.0031632166233821844
754,0.003242792054871698,328971,0.003166913285707166
755,0.003242792054871698,327443,0.0031522036502056763
756,0.0032402415034776238,327552,0.003153252963209382
757,0.0032374834249770386,327443,0.0031522036502056763
758,0.003224398393772046,326850,0.003146495002396525
759,0.003224398393772046,325675,0.003135183600751073
760,0.0032206198973220124,326375,0.003141922308114321
761,0.003216640999571737,326392,0.003142085962436
762,0.003224398393772046,325526,0.003133749218755182
763,0.0032080872502104124,324514,0.003124006973252886
764,0.0031987479617592933,324338,0.00312231266968727
765,0.0032124630050463635,322980,0.003109239577402569
766,0.0031937872557029567,324653,0.003125345088000731
767,0.0031832910121587055,322740,0.0031069291634494554
768,0.003177758478482791,322542,0.0031050230719381366
769,0.0031987479617592933,321760,0.0030974949731409082
770,0.0031832910121587055,320416,0.0030845566550034725
771,0.003172038386302859,319966,0.0030802246288413847
772,0.0031537686056083447,319773,0.003078366670954089
773,0.0031537686056083447,318917,0.0030701261945213173
774,0.0031338689387087264,319230,0.0030731393593851695
775,0.0031338689387087264,318678,0.0030678254072930085
776,0.0031406804688252697,316710,0.003048880012877477
777,0.0031268813897009336,316635,0.0030481580085171293
778,0.0031268813897009336,316336,0.0030452796178005418
779,0.003097206251385203,314965,0.0030320813780933807
780,0.003104880197753834,315499,0.0030372220491390583
781,0.003097206251385203,313944,0.0030222524920678435
782,0.003089365232841424,314337,0.003026035794916067
783,0.0030731894055014185,312971,0.003012885688832929
784,0.003089365232841424,311001,0.0029939210409677887
785,0.0030648583575899275,310645,0.0029904939269373367
786,0.0030731894055014185,309744,0.002981820247888356
787,0.0030389156222658483,308044,0.0029654548157204683
788,0.0030299579867778792,307715,0.002962287623259742
789,0.0030389156222658483,306359,0.0029492337844246506
790,0.0030299579867778792,307290,0.0029581962652177702
791,0.0030021825417196227,305369,0.002939703326868057
792,0.0030115894502670245,305356,0.002939578179445597
793,0.0029829335292629734,303977,0.0029263029259399983
794,0.0029926298912901425,302695,0.00291396146474045
795,0.0029631178535938344,301097,0.0028985779585026356
796,0.0029427519963880888,300877,0.002896460079045615
797,0.0029427519963880888,300709,0.0028948427892784355
798,0.002953002660672634,298685,0.0028753582982738446
799,0.0029218526102613956,297894,0.0028677435589533743
800,0.002932367947503683,296513,0.002854449051998167
801,0.0029112080897783746,295408,0.00284381152108904
802,0.002878520600665053,294702,0.002837015053376964
803,0.002878520600665053,293603,0.002826435282816665
804,0.0028895399603576745,292648,0.002817241760628234
805,0.0028447469739044276,291135,0.002802676525998814
806,0.0028447469739044276,290688,0.00279837338001114
807,0.0028332577350305326,288379,0.0027761452724372267
808,0.0028216564024781746,288657,0.0027788215019329166
809,0.002878520600665053,286801,0.002760954300695505
810,0.002809945134825796,285204,0.002745580421182495
811,0.0027981260937311532,284404,0.002737879041338783
812,0.0027741733499196185,282238,0.0027170275554119334
813,0.002762043980957341,282522,0.002719761545256451
814,0.002762043980957341,281011,0.0027052155640766404
815,0.0027498155049651522,279760,0.002693172531346036
816,0.0027498155049651522,277599,0.0026723691790432095
817,0.002737490090790184,278352,0.002679618102821103
818,0.0026999539018086596,275990,0.0026568797788325436
819,0.0027250699070899293,274589,0.0026433927373812434
820,0.00267448481531764,274487,0.00264241081145117
821,0.002687262412033598,272430,0.002622608638528026
822,0.002687262412033598,272037,0.0026188253356798025
823,0.0026616232717535165,269854,0.002597810195431274
824,0.002622556509601948,267993,0.002579894860569839
825,0.0026356569678262607,267015,0.0025704799237109013
826,0.0026093807078455358,266126,0.0025619217653595765
827,0.002596131701750404,264576,0.002547000341912385
828,0.0025559667628476603,263258,0.0025343123186198696
829,0.002596131701750404,261137,0.0025138940353092287
830,0.0025694226049231147,260437,0.0025071553279459808
831,0.0025694226049231147,259998,0.002502929195756744
832,0.002501517344089758,258920,0.002492551586417342
833,0.0025288630617437873,257098,0.0024750116938232884
834,0.0025152194085493514,255946,0.0024639217068483433
835,0.0024739463012445535,254684,0.002451772780144888
836,0.0024739463012445535,252828,0.0024339055789074763
837,0.0024600814598617223,251523,0.002421342703037421
838,0.0024461664804321867,250140,0.0024080289426326043
839,0.002487758950588327,247948,0.002386927161860834
840,0.002404141098936281,246700,0.0023749130093046436
841,0.002404141098936281,245465,0.002363024004170913
842,0.002404141098936281,244801,0.0023566318589006326
843,0.0023900458981665797,243082,0.0023400835189614565
844,0.002347528064800761,242240,0.00233197781667595
845,0.0023332846268563946,240001,0.002310423579838361
846,0.0023332846268563946,239678,0.0023073141477264626
847,0.00231900903550675,237712,0.0022883880067605406
848,0.002361737399787958,236441,0.0022761524395338434
849,0.002261623656454471,234466,0.00225713965804468
850,0.0022760086357752106,233209,0.002245038864965248
851,0.0022760086357752106,232659,0.0022397441663226957
852,0.0022760086357752106,230893,0.002222743370317702
853,0.0022760086357752106,230110,0.0022152056447956687
854,0.002232787731263517,226954,0.0021848237013122255
855,0.0021893966831167005,226035,0.0021759767412167616
856,0.002203876212097112,224248,0.00215877378399087
857,0.0021893966831167005,223192,0.0021486079625971707
858,0.0021749037184534544,221998,0.0021371136531804307
859,0.002145884617927124,220084,0.00211868810190435
860,0.0021893966831167005,219160,0.002109793008184863
861,0.002145884617927124,217627,0.00209503523905935
862,0.0020732248895836644,216478,0.0020839741322588186
863,0.0021022993683085813,214925,0.0020690238286372132
864,0.0020732248895836644,213529,0.002055584920809936
865,0.0020586874189419567,212131,0.0020421267595330497
866,0.0020586874189419567,210482,0.0020262522903301983
867,0.0020150938580887497,209333,0.0020151911835296675
868,0.002000574343914797,208011,0.0020024646533379335
869,0.0020150938580887497,206609,0.0019889679851618283
870,0.001986063315356709,205247,0.001975856385977909
871,0.001986063315356709,204613,0.0019697530424517672
872,0.001957072944694811,202120,0.0019457536175138002
873,0.001928135019313389,200743,0.0019324976174578113
874,0.0019715623344427648,198908,0.0019148325774412972
875,0.001957072944694811,198045,0.0019065247139348931
876,0.0018848525739129632,195887,0.0018857502418064803
877,0.0018704640922321003,194970,0.0018769225351606255
878,0.0018704640922321003,193070,0.00185863175803181
879,0.001841754121756072,191472,0.0018432482517939956
880,0.001841754121756072,190390,0.0018328321355553753
881,0.001827435396131625,189904,0.0018281535473003202
882,0.0018131426532513894,187338,0.0018034513714516144
883,0.0017704335512209028,186181,0.0017923132508526462
884,0.0017846404274131321,185010,0.001781040356106413
885,0.0017704335512209028,182770,0.0017594764925440197
886,0.001756257871227004,182123,0.0017532480015954178
887,0.001756257871227004,180499,0.0017376142005126828
888,0.0017421146415466853,179263,0.001725715568654148
889,0.0017280050965343661,178030,0.001713845816970027
890,0.0017139304507484104,177018,0.0017041035714677316
891,0.001699891898940629,174685,0.0016816444224985068
892,0.0016719277571468863,174142,0.0016764171109295875
893,0.0016441218326282937,171938,0.0016551998094601612
894,0.0016441218326282937,171032,0.0016464779967871575
895,0.0016441218326282937,169345,0.0016302377120417301
896,0.001658004457530908,168779,0.001624788985802304
897,0.0016164829696624196,167104,0.0016086642217545324
898,0.0016027288634468985,165398,0.001592241029237817
899,0.001561740222124618,164736,0.0015858681374171454
900,0.0015346524452243692,163393,0.0015729394460045141
901,0.0015481718903431637,161312,0.0015529062316860585
902,0.0015346524452243692,159773,0.0015380907022117178
903,0.0015211828248051218,158488,0.0015257203608377557
904,0.0015077639476042157,157834,0.0015194244828155212
905,0.0015346524452243692,156015,0.0015019134703958814
906,0.0015077639476042157,154731,0.001489552755746724
907,0.0014546135622827438,153220,0.001475006774566913
908,0.001441461500750568,152279,0.001465948026525747
909,0.0014283652875694433,150181,0.0014457511578856127
910,0.001441461500750568,149814,0.00144221814988231
911,0.0014283652875694433,147572,0.0014206350328703073
912,0.0014153257066093707,146739,0.0014126159711080424
913,0.0014153257066093707,145512,0.0014008039797727494
914,0.0013894194823369688,144047,0.0013867008279339521
915,0.001376554312544134,142636,0.0013731175192346053
916,0.0013383190224391679,141985,0.0013668505213867848
917,0.0013383190224391679,139435,0.0013423023731349531
918,0.0013256962383020442,139582,0.0013437175016812353
919,0.0013383190224391679,137786,0.0013264279039321022
920,0.0013006379781286795,136521,0.0013142500970542328
921,0.0012882037185447885,135931,0.0013085703294194954
922,0.0012635278474896349,133390,0.0012841088216909056
923,0.0012758334871055543,133642,0.0012865347563416748
924,0.0012635278474896349,131728,0.0012681092050655942
925,0.0012512873457803816,130124,0.001252667938478952
926,0.0012758334871055543,128729,0.0012392386573764794
927,0.0012149618678285274,127793,0.0012302280429593365
928,0.0012149618678285274,126833,0.0012209863871468821
929,0.0011792406291377267,125277,0.0012060072033508627
930,0.001167469933445459,124849,0.0012018869651344768
931,0.0011557681272012967,123262,0.0011866093528695135
932,0.001167469933445459,122180,0.0011761932366308931
933,0.0011441356043303235,120958,0.0011644293789196234
934,0.0011441356043303235,119609,0.0011514429271581642
935,0.0011441356043303235,119473,0.001150133692584733
936,0.0011210799036589017,116957,0.0011259128529762595
937,0.0011210799036589017,117100,0.001127289474623323
938,0.0011441356043303235,114688,0.0011040698143945317
939,0.0010646776097449188,113873,0.0010962240336787501
940,0.0010646776097449188,112186,0.0010799837489333228
941,0.0010426177622899152,111548,0.0010738418985079626
942,0.0010646776097449188,110430,0.0010630792201763754
943,0.0010208473348628023,109731,0.001056350139537932
944,0.000999368067529441,107957,0.001039272329734501
945,0.000999368067529441,107492,0.0010347959027003435
946,0.0010100712063909748,105942,0.0010198744792531517
947,0.000999368067529441,105402,0.0010146760478586462
948,0.000999368067529441,104027,0.0010014393012522664
949,0.0009676983389438174,102677,0.0009884432227660028
950,0.0009676983389438174,102262,0.0009844481319720773
951,0.0009469531034420107,100882,0.0009711632517416743
952,0.0009366912432457862,99628,0.0009590913388366559
953,0.0009469531034420107,98978,0.0009528339677136401
954,0.0009265033606917894,97868,0.0009421483031804899
955,0.0008864931848008887,96939,0.0009332050758369795
956,0.0009163895441254756,95535,0.0009196891542112652
957,0.0008864931848008887,94500,0.0009097254940384629
958,0.0008669336660275413,93927,0.0009042093807254043
959,0.0008572654033152965,93081,0.000896065171540679
960,0.000847671480038123,91949,0.0008851677190618268
961,0.0008381518881090402,90806,0.0008741643726101235
962,0.0008287066081700788,89923,0.0008656639746076265
963,0.000847671480038123,88633,0.0008532454996096411
964,0.0008287066081700788,87806,0.000845284198196204
965,0.0008008162816289059,86420,0.0008319415576169732
966,0.0007916678371812103,86367,0.0008314313412023273
967,0.0007735930228204433,85178,0.0008199851654096106
968,0.0007825934453040776,84043,0.0008090588327563443
969,0.0007735930228204433,83299,0.0008018965495016923
970,0.0007646664765334249,82047,0.0007898438900462832
971,0.0007646664765334249,81223,0.0007819114688072601
972,0.0007470345907279628,80027,0.0007703979059409109
973,0.0007383290162998019,79312,0.0007635147977055934
974,0.0007383290162998019,78755,0.000758152711989409
975,0.000712652161746254,77570,0.0007467450430959108
976,0.0007211379469601156,77498,0.0007460519189099767
977,0.0006958992981969386,76064,0.0007322471955401233
978,0.000687631877270051,75347,0.0007253448338551965
979,0.0006958992981969386,74271,0.000714986477965404
980,0.0006794368879177265,73633,0.0007088446275400438
981,0.0006794368879177265,72642,0.0006993045432586457
982,0.0006632634282600516,71951,0.0006926524764186397
983,0.0006632634282600516,71017,0.000683661115451106
984,0.0006473772893695014,70274,0.0006765084589212587
985,0.0006395414224161029,69747,0.0006714351749492135
986,0.0006240829435721546,68409,0.0006585546171606054
987,0.0006317767195290467,67450,0.0006493225880729558
988,0.0006317767195290467,66643,0.0006415538211556115
989,0.0006089071892564963,65926,0.0006346514594706848
990,0.0006014247024697815,65507,0.0006306178617775407
991,0.0006089071892564963,64533,0.0006212414318178214
992,0.0006014247024697815,63499,0.0006112873983698239
993,0.0005866691897459748,62975,0.0006062429945721926
994,0.0005650554263150926,62396,0.0006006691209103061
995,0.0005793956169847516,61598,0.0005929869945162036
996,0.0005793956169847516,60347,0.0005809439617855992
997,0.000544058117563731,60375,0.0005812135100801291
998,0.000544058117563731,59612,0.0005738683190541889
999,0.000544058117563731,58598,0.0005641068201022841
1000,0.0005371945941979867,58146,0.000559755540490587
1001,0.0005170063489714986,57236,0.0005509952209183647
1002,0.0005236690326030689,56501,0.0005439195781869544
1003,0.0004974147163854237,56272,0.000541715058206692
1004,0.0005236690326030689,55158,0.0005309908867743232
1005,0.0005104099586468778,54565,0.0005252822389651717
1006,0.000491015182866048,54346,0.0005231739862329556
1007,0.000491015182866048,52941,0.0005096484378824367
1008,0.00048468057977269554,52394,0.0005043826194142987
1009,0.00047220475711934307,51867,0.0004993093354422535
1010,0.00047841055612729035,51019,0.0004911458728079189
1011,0.0004660628242423039,50209,0.0004833482257161607
1012,0.00045998439542784583,50077,0.00048207749804194826
1013,0.0004539691051693424,49490,0.00047642661058162466
1014,0.0004539691051693424,48793,0.0004697167833927907
1015,0.00044212646190405904,47797,0.00046012856548736946
1016,0.00043053190660083103,47076,0.0004531876969032241
1017,0.00043053190660083103,46881,0.00045131048556631937
1018,0.00043053190660083103,46139,0.0004441674557612766
1019,0.0004080748782121525,45804,0.0004409425029517223
1020,0.00040261088335712656,44682,0.0004301413177209164
1021,0.0004080748782121525,44935,0.00043257687909649026
1022,0.00041359858835716674,44064,0.000424192001791649
1023,0.00039720621079585906,43503,0.00041879140917624606
1024,0.00040261088335712656,42882,0.00041281321307256474
1025,0.0003813441661249669,42400,0.00040817313171672835
1026,0.00037105878693611264,41981,0.0004041395340235843
1027,0.0003660016855019033,41320,0.00039777626892771736
1028,0.0003660016855019033,40398,0.00038890042865783944
1029,0.0003610011028110715,40275,0.0003877163415068687
1030,0.00037105878693611264,39759,0.0003827489515076746
1031,0.000356056632131611,38939,0.0003748550371678699
1032,0.0003415558067366045,38524,0.0003708599463739444
1033,0.00033216164155477267,38107,0.0003668456021304096
1034,0.0003415558067366045,37894,0.0003647951097470213
1035,0.0003275452386442798,36959,0.0003557941220546831
1036,0.00033683169333560914,36902,0.0003552453987408186
1037,0.0003229820711794486,36039,0.0003469375352344145
1038,0.00031847172515378556,35592,0.00034263438924674044
1039,0.0003096078390040301,35176,0.0003386296717280103
1040,0.0003140137860656373,34421,0.00033136149450050723
1041,0.0003009502597898906,34237,0.0003295901771364535
1042,0.0003052534687361166,33583,0.0003232942991142191
1043,0.0003140137860656373,33000,0.00031768191855311405
1044,0.0003009502597898906,32608,0.00031390824242969525
1045,0.0002842407239911442,32396,0.0003118673767711116
1046,0.0002842407239911442,31606,0.00030426226417544613
1047,0.00028018708689089063,31146,0.00029983397076531183
1048,0.0002883434442974127,31218,0.0003005270949512459
1049,0.00028018708689089063,30673,0.0002952805299327172
1050,0.00027222540169842427,30094,0.00028970665627083074
1051,0.000276182117768535,29747,0.00028636618276362073
1052,0.00026445507098136887,29423,0.00028324712392691743
1053,0.00025687278415469094,28915,0.0002783567477261604
1054,0.0002494752399726395,28538,0.0002747274724748112
1055,0.0002531511251380367,27791,0.00026753630904574523
1056,0.0002531511251380367,27909,0.0002686722625726927
1057,0.0002531511251380367,27485,0.00026459053125552545
1058,0.0002531511251380367,26735,0.00025737048765204557
1059,0.00023871812330669928,26801,0.0002580058514891518
1060,0.00023176807269982314,26468,0.00025480015212920676
1061,0.00022499131330710442,26131,0.00025155594587004314
1062,0.00022166690624325985,25541,0.00024587617823530565
1063,0.00021838461050190618,25139,0.0002420062348638404
1064,0.00021838461050190618,24946,0.00024014827697654495
1065,0.00021514402485429629,24519,0.00023603766548496374
1066,0.00022499131330710442,24050,0.00023152273155158766
1067,0.00020566853650645907,23982,0.00023086811426487215
1068,0.00021514402485429629,23484,0.0002260740053121615
1069,0.00019955280118163604,23031,0.00022171309897565968
1070,0.00019955280118163604,22675,0.00021828598494520791
1071,0.00019955280118163604,22355,0.00021520543300772315
1072,0.0001935943971586808,22412,0.00021575415632158764
1073,0.0001965541284099936,21663,0.00020854373944291242
1074,0.0001935943971586808,21552,0.00020747517298959738
1075,0.00017936629971966882,20989,0.00020205532692458517
1076,0.0001821371278308314,20744,0.0001996967793474484
1077,0.00017936629971966882,20639,0.00019868597324296122
1078,0.00017936629971966882,20152,0.00019399775826310165
1079,0.00017393416120349035,19834,0.00019093645977522617
1080,0.00017393416120349035,19711,0.0001897523726242555
1081,0.00017127209558171462,19283,0.00018563213440786963
1082,0.00016605409804284517,18982,0.00018273449024167306
1083,0.0001584868748533055,18969,0.00018260934281921274
1084,0.0001686455321121674,18700,0.00018001975384676462
1085,0.0001584868748533055,18198,0.00017518713799483544
1086,0.0001584868748533055,18127,0.000174503640533706
1087,0.0001584868748533055,17549,0.00016893939359662418
1088,0.00015122259215864385,17618,0.00016960363760814434
1089,0.0001488667981302314,17083,0.00016445333983766203
1090,0.0001465432256893334,16951,0.00016318261216344957
1091,0.00014425152101424485,16585,0.00015965923088495141
1092,0.0001419913325035576,16280,0.00015672307981953626
1093,0.0001465432256893334,15903,0.00015309380456818704
1094,0.00013756410879713172,15984,0.00015387356927736286
1095,0.00013976231079782062,15826,0.00015235254675822978
1096,0.0001332587869198331,15462,0.00014884841892934088
1097,0.0001332587869198331,15329,0.0001475680645303238
1098,0.00012702340630489504,14891,0.00014335155906589154
1099,0.00012907263594714443,14844,0.0001428991030000735
1100,0.00013115098430440203,14536,0.00013993407176024443
1101,0.00012500296219182945,14339,0.00013803760697373037
1102,0.00012104710966760618,14153,0.00013624703616006736
1103,0.00012301097279084425,13915,0.00013395587565656308
1104,0.00012104710966760618,13664,0.0001315395677305985
1105,0.00011532102959234735,13425,0.0001292387805022896
1106,0.00011346643527065323,13242,0.00012747708986304048
1107,0.00011532102959234735,13133,0.00012642777685933476
1108,0.00010983649335982692,12894,0.00012412698963102582
1109,0.00010983649335982692,12839,0.00012359751976677064
1110,0.00010983649335982692,12432,0.00011967944277128223
1111,0.00010458502522193754,12323,0.0001186301297675765
1112,0.00010458502522193754,12255,0.00011797551248086099
1113,0.00010458502522193754,11988,0.00011540517695802215
1114,0.00010120943310088485,11655,0.0001121994775980771
1115,0.00009793134089892653,11522,0.00011091912319906
1116,0.00010120943310088485,11321,0.0001089841515133274
1117,0.00009319185568475102,11243,0.0001082332669785655
1118,0.00009793134089892653,11215,0.00010796371868403558
1119,0.00009165824203170666,10711,0.00010311184938249711
1120,0.00009319185568475102,10775,0.00010372795976999405
1121,0.00008719206565440807,10376,0.00009988689657294277
1122,0.00009165824203170666,10386,0.00009998316382098917
1123,0.00008865862755273378,10198,0.00009817333955771687
1124,0.00008432404847713917,9974,0.00009601695320147756
1125,0.00008574729740638187,9808,0.00009441891688390736
1126,0.00008292204701322859,9660,0.00009299416161282066
1127,0.00007884084598919392,9465,0.00009111695027591589
1128,0.00007752116530853043,9510,0.00009155015289212468
1129,0.0000815410236363133,8987,0.00008651537581929805
1130,0.00007368064902646362,9131,0.00008790162419116619
1131,0.00007884084598919392,9026,0.00008689081808667901
1132,0.00007368064902646362,8863,0.00008532166194352272
1133,0.00007494132266126224,8827,0.00008497509985055569
1134,0.00007001260017494547,8458,0.0000814228383976436
1135,0.00007368064902646362,8488,0.0000817116401417828
1136,0.00007368064902646362,8380,0.0000806719538628817
1137,0.00007001260017494547,8094,0.0000779187105687547
1138,0.00006765974402931237,7920,0.00007624366045274736
1139,0.00006765974402931237,7865,0.00007571419058849219
1140,0.00006765974402931237,7709,0.00007421242151896837
1141,0.00006426439923632327,7624,0.00007339414991057398
1142,0.00006208738422764568,7548,0.00007266251882542136
1143,0.0000653786383173546,7323,0.0000704965057443774
1144,0.00006208738422764568,7368,0.0000709297083605862
1145,0.00005793283525090663,7201,0.00006932204531821134
1146,0.00005793283525090663,7075,0.00006810907799282672
1147,0.00006102414965626454,6844,0.00006588530456295493
1148,0.00005793283525090663,6559,0.00006314168799363257
1149,0.00005498448584262197,6664,0.00006415249409811975
1150,0.00005403246785143987,6416,0.00006176506634656908
1151,0.00005217331854474694,6376,0.00006137999735438348
1152,0.00005217331854474694,6281,0.00006046545849794271
1153,0.00005217331854474694,6171,0.000059406518769432326
1154,0.000050372647170906544,6164,0.00005933913169579985
1155,0.000048628839924662905,5943,0.00005721162551397445
1156,0.00004949373500415681,6054,0.00005828019196728947
1157,0.00004949373500415681,5761,0.00005545956159953
1158,0.00004694031847451817,5788,0.000055719483169255276
1159,0.00004611630629230422,5652,0.00005441024859582426
1160,0.00004777776574636966,5549,0.00005341869594094636
1161,0.00004694031847451817,5360,0.000051599244952869435
1162,0.000043722994503281,5376,0.00005175327254974367
1163,0.000042950847599797255,5218,0.00005023225003061058
1164,0.000043722994503281,5022,0.00004834541196890117
1165,0.00004144389936202392,4989,0.00004802773005034806
1166,0.00004070874203772545,5000,0.000048133624023199096
1167,0.00004219120889783311,4907,0.000047238338616367595
1168,0.00003788616779633722,4830,0.00004649708080641033
1169,0.00003788616779633722,4699,0.00004523597985700251
1170,0.00003788616779633722,4708,0.00004532262038024427
1171,0.00003788616779633722,4597,0.00004425405392692925
1172,0.00003788616779633722,4584,0.00004412890650446893
1173,0.00003524440378052427,4441,0.00004275228485740544
1174,0.000037209189037109705,4419,0.00004254049691170336
1175,0.00003588846884369481,4180,0.00004023970968339445
1176,0.00003461098957699603,4305,0.00004144305028397442
1177,0.00003524440378052427,4074,0.00003921927685410262
1178,0.0000321807309821843,4005,0.00003855503284258248
1179,0.00003277309217293403,3971,0.00003822772419922472
1180,0.0000321807309821843,3844,0.000037005130149035465
1181,0.00003159825491013948,3799,0.000036571927532826674
1182,0.000031025516437646115,3863,0.00003718803792032362
1183,0.00003159825491013948,3769,0.00003628312578868748
1184,0.00002990867140128951,3675,0.00003537821365705134
1185,0.000030462369886071154,3719,0.00003580178954845549
1186,0.000029364278938523076,3578,0.000034444421351001274
1187,0.00002830285285218748,3348,0.000032230274645934116
1188,0.000027276990858904523,3424,0.00003296190573108674
1189,0.000025802541265936627,3412,0.000032846385033431066
1190,0.00002677706006258432,3281,0.00003158528408402325
1191,0.00002677706006258432,3182,0.00003063223832836391
1192,0.000026285620137603527,3062,0.000029477031351807126
1193,0.000025327695313598934,3089,0.000029736952921532404
1194,0.00002486095581507409,3059,0.00002944815117739321
1195,0.000025327695313598934,3007,0.000028947561487551938
1196,0.00002395129856609923,2944,0.00002834107782485963
1197,0.00002395129856609923,2903,0.000027946382107869397
1198,0.000022644543662572435,2722,0.00002620394491822959
1199,0.00002222387857900608,2778,0.000026743041507289418
1200,0.00002222387857900608,2699,0.000025982530247722872
1201,0.000021005029756355233,2606,0.00002508724484089137
1202,0.000021005029756355233,2583,0.000024865830170384655
1203,0.000021005029756355233,2553,0.00002457702842624546
1204,0.000020612755109944857,2549,0.0000245385215270269
1205,0.00002022730146238604,2430,0.00002339294127527476
1206,0.000019848561157859777,2503,0.00002409569218601347
1207,0.000019476428008101323,2438,0.00002346995507371188
1208,0.000019110797277090808,2385,0.00002295973865906597
1209,0.00001805189370488961,2216,0.00002133282216708184
1210,0.00001839863129854924,2199,0.000021169167845402965
1211,0.00001839863129854924,2257,0.000021727517884072073
1212,0.000018751565666138063,2209,0.00002126543509344936
1213,0.0000170478776661088,2249,0.000021650504085634953
1214,0.0000170478776661088,2180,0.000020986260074114807
1215,0.000016407737534817535,2070,0.000019927320345604428
1216,0.000016724950094129047,2006,0.000019311209958107478
1217,0.000015489473055249907,1988,0.00001913792891162396
1218,0.000016724950094129047,2006,0.000019311209958107478
1219,0.00001519421013086089,1890,0.000018194509880769258
1220,0.000014904213422728866,1912,0.000018406297826471336
1221,0.000014904213422728866,1843,0.000017742053814951187
1222,0.000014339676037394074,1913,0.000018415924551275974
1223,0.000014904213422728866,1814,0.000017462878795616633
1224,0.000014619396968279039,1814,0.000017462878795616633
1225,0.000014064967118157772,1679,0.000016163270946990258
1226,0.00001379518790314215,1728,0.000016634980462417608
1227,0.000012517439186936876,1735,0.000016702367536050087
1228,0.000012763763310157856,1592,0.000015325745888986592
1229,0.000013530257275184703,1576,0.000015171718292112356
1230,0.000012517439186936876,1503,0.000014468967381373648
1231,0.000012038097812860752,1565,0.000015065824319261317
1232,0.000012517439186936876,1550,0.00001492142344719172
1233,0.000011351255367684994,1518,0.000014613368253443246
1234,0.00001091397822854728,1449,0.000013949124241923098
1235,0.00001180493313490485,1411,0.000013583308699346786
1236,0.000010701318248959688,1406,0.000013535175075323586
1237,0.000011130601307030515,1411,0.000013583308699346786
1238,0.000010701318248959688,1328,0.00001278429054056168
1239,0.000010086453265947018,1375,0.000013236746606379753
1240,9.695159479692718e-6,1309,0.000012601382769273524
1241,9.888987021554472e-6,1285,0.000012370341373962168
1242,0.000010287621130999927,1286,0.000012379968098766807
1243,9.504908678290545e-6,1234,0.000011879378408925537
1244,9.504908678290545e-6,1280,0.00001232220774993897
1245,9.318173599249997e-6,1133,0.000010907079203656916
1246,9.134894156351738e-6,1164,0.00001120550767260075
1247,8.605202512704265e-6,1134,0.000010916705928461555
1248,8.77846642268872e-6,1157,0.000011138120598968272
1249,8.435162977145314e-6,1043,0.000010040673971239333
1250,8.268292213165999e-6,1045,0.000010059927420848612
1251,8.77846642268872e-6,1052,0.000010127314494481091
1252,8.104535479965732e-6,1089,0.000010483503312252764
1253,8.435162977145314e-6,1052,0.000010127314494481091
1254,7.786149385798661e-6,1051,0.00001011768776967645
1255,7.63141475276013e-6,1000,9.62672480463982e-6
1256,7.184430047694722e-6,984,9.472697207765583e-6
1257,7.184430047694722e-6,946,9.106881665189269e-6
1258,7.330605283164725e-6,971,9.347549785305264e-6
1259,7.184430047694722e-6,908,8.741066122612956e-6
1260,7.041008861779269e-6,911,8.769946297026875e-6
1261,6.900293483943385e-6,875,8.423384204059842e-6
1262,6.762236437002094e-6,852,8.201969533553127e-6
1263,6.235668187007469e-6,850,8.182716083943846e-6
1264,6.4939111864183575e-6,898,8.644798874566558e-6
1265,5.86643805001403e-6,810,7.797647091758254e-6
1266,6.626790997713136e-6,811,7.807273816562894e-6
1267,5.987154091970018e-6,769,7.402951374768021e-6
1268,5.86643805001403e-6,732,7.046762556996348e-6
1269,5.51795521529639e-6,718,6.911988409731391e-6
1270,5.40621473412391e-6,740,7.123776355433467e-6
1271,5.40621473412391e-6,726,6.989002208168509e-6
1272,5.631879331521408e-6,701,6.748334088052514e-6
1273,5.631879331521408e-6,715,6.883108235317471e-6
1274,5.083707434651102e-6,711,6.844601336098912e-6
1275,5.083707434651102e-6,663,6.3825185454762e-6
1276,5.083707434651102e-6,674,6.488412518327238e-6
1277,4.980316979257746e-6,640,6.161103874969485e-6
1278,4.681969252388137e-6,632,6.084090076532366e-6
1279,4.5863432389731654e-6,628,6.045583177313807e-6
1280,4.492571305708099e-6,643,6.189984049383404e-6
1281,4.5863432389731654e-6,615,5.920435754853489e-6
1282,4.492571305708099e-6,573,5.516113313058616e-6
1283,4.5863432389731654e-6,544,5.236938293724062e-6
1284,4.310455585019738e-6,567,5.458352964230778e-6
1285,3.885323779181022e-6,545,5.246565018528702e-6
1286,3.967028954099918e-6,562,5.410219340207579e-6
1287,3.7266839979563096e-6,531,5.111790871263744e-6
1288,3.7266839979563096e-6,532,5.121417596068384e-6
1289,3.8052185969130584e-6,482,4.640081355836393e-6
1290,3.5742113899759837e-6,485,4.668961530250312e-6
1291,3.6496910699180546e-6,464,4.466800309352876e-6
1292,3.5742113899759837e-6,443,4.2646390884554404e-6
1293,3.6496910699180546e-6,492,4.736348603882791e-6
1294,3.356574799896256e-6,436,4.197252014822961e-6
1295,3.4276804867574117e-6,439,4.226132189236881e-6
1296,3.4276804867574117e-6,459,4.418666685329677e-6
1297,3.28687341971968e-6,421,4.0528511427533644e-6
1298,3.0859365120278643e-6,435,4.187625290018322e-6
1299,3.0859365120278643e-6,406,3.908450270683767e-6
1300,3.021595958290237e-6,412,3.966210619511605e-6
1301,2.896725804033071e-6,376,3.619648526544572e-6
1302,2.8361487838929983e-6,383,3.687035600177051e-6
1303,2.896725804033071e-6,383,3.687035600177051e-6
1304,2.7185953722627194e-6,370,3.5618881777167334e-6
1305,3.021595958290237e-6,354,3.407860580842496e-6
1306,2.66157398563192e-6,347,3.3404735072100173e-6
1307,2.4972692910931337e-6,366,3.523381278498174e-6
1308,2.5509322860842e-6,338,3.253832983968259e-6
1309,2.5509322860842e-6,311,2.993911414242984e-6
1310,2.4446836994183368e-6,310,2.984284689438344e-6
1311,2.4446836994183368e-6,317,3.0516717630708226e-6
1312,2.3931550935142797e-6,303,2.9168976158058654e-6
1313,2.1972146213387114e-6,320,3.0805519374847424e-6
1314,2.2447123652690623e-6,305,2.936151065415145e-6
1315,2.150677047322275e-6,282,2.714736394908429e-6
1316,2.2447123652690623e-6,274,2.6377225964713107e-6
1317,2.016643494563789e-6,274,2.6377225964713107e-6
1318,2.150677047322275e-6,289,2.7821234685409076e-6
1319,2.060409345051732e-6,280,2.6954829452991493e-6
1320,2.1050812957288735e-6,264,2.5414553484249123e-6
1321,1.850298019620388e-6,245,2.3585475771367556e-6
1322,1.9737663591433003e-6,259,2.4933217244017134e-6
1323,1.850298019620388e-6,278,2.6762294956898696e-6
1324,1.8108080285054968e-6,250,2.406681201159955e-6
1325,1.850298019620388e-6,232,2.233400154676438e-6
1326,1.7721243850751257e-6,238,2.291160503504277e-6
1327,1.6971140386260443e-6,225,2.1660130810439593e-6
1328,1.5902652754080428e-6,231,2.2237734298717983e-6
1329,1.6971140386260443e-6,220,2.1178794570207604e-6
1330,1.556101890768969e-6,228,2.194893255457879e-6
1331,1.5902652754080428e-6,214,2.0601191081929213e-6
1332,1.556101890768969e-6,201,1.9349716857326037e-6
1333,1.556101890768969e-6,208,2.0023587593650823e-6
1334,1.4898701780771896e-6,200,1.925344960927964e-6
1335,1.5226414319424606e-6,182,1.7520639144444472e-6
1336,1.457774658775176e-6,203,1.9542251353418833e-6
1337,1.3069786270090804e-6,192,1.8483311624908453e-6
1338,1.3069786270090804e-6,195,1.8772113369047648e-6
1339,1.278668143309264e-6,162,1.5595294183516509e-6
1340,1.335889052710987e-6,165,1.5884095927655702e-6
1341,1.278668143309264e-6,166,1.59803631757021e-6
1342,1.2509457708202273e-6,169,1.6269164919841295e-6
1343,1.171192271343007e-6,169,1.6269164919841295e-6
1344,1.171192271343007e-6,161,1.549902693547011e-6
1345,1.120756603244887e-6,151,1.4536354455006127e-6
1346,1.0963264433175074e-6,170,1.6365432167887693e-6
1347,1.0963264433175074e-6,167,1.6076630423748498e-6
1348,1.0724074994514248e-6,132,1.2707276742124562e-6
1349,1.0489895898536579e-6,145,1.3958750966727738e-6
1350,9.816430877104332e-7,137,1.3188612982356554e-6
1351,1.0489895898536579e-6,151,1.4536354455006127e-6
1352,1.0036170958857647e-6,130,1.2514742246031765e-6
1353,9.601312597817215e-7,134,1.2899811238217358e-6
1354,9.184572742331354e-7,148,1.4247552710866934e-6
1355,9.390723508300002e-7,123,1.1840871509706978e-6
1356,9.390723508300002e-7,118,1.1359535269474987e-6
1357,8.591867286445561e-7,143,1.3766216470634942e-6
1358,8.785231266953735e-7,136,1.3092345734310155e-6
1359,8.785231266953735e-7,110,1.0589397285103802e-6
1360,8.402595028844539e-7,112,1.0781931781196599e-6
1361,8.035996932436754e-7,113,1.0878199029242997e-6
1362,7.858510618683235e-7,124,1.1937138757753377e-6
1363,7.858510618683235e-7,110,1.0589397285103802e-6
1364,7.514773685529529e-7,102,9.819259300732617e-7
1365,7.514773685529529e-7,102,9.819259300732617e-7
1366,7.34837160895006e-7,113,1.0878199029242997e-6
1367,7.514773685529529e-7,111,1.06856645331502e-6
1368,6.870152378320511e-7,115,1.1070733525335792e-6
1369,6.870152378320511e-7,97,9.337923060500625e-7
1370,6.56812442262613e-7,103,9.915526548779013e-7
1371,6.278892070164566e-7,79,7.605112595665458e-7
1372,6.56812442262613e-7,77,7.412578099572661e-7
1373,6.278892070164566e-7,81,7.797647091758254e-7
1374,6.42194168697205e-7,71,6.834974611294272e-7
1375,5.867906203316664e-7,79,7.605112595665458e-7
1376,5.736759462630125e-7,91,8.760319572222236e-7
1377,5.736759462630125e-7,66,6.353638371062281e-7
1378,5.239839943851862e-7,60,5.776034882783892e-7
1379,5.360033835690259e-7,70,6.738707363247873e-7
1380,5.482880904721754e-7,81,7.797647091758254e-7
1381,5.007193370425116e-7,86,8.278983331990245e-7
1382,5.360033835690259e-7,70,6.738707363247873e-7
1383,5.007193370425116e-7,78,7.508845347619059e-7
1384,4.784515169492814e-7,64,6.161103874969484e-7
1385,4.676785626860651e-7,72,6.93124185934067e-7
1386,4.571395897395513e-7,80,7.701379843711856e-7
1387,4.571395897395513e-7,66,6.353638371062281e-7
1388,4.468297290979577e-7,74,7.123776355433467e-7
1389,4.26878347650542e-7,66,6.353638371062281e-7
1390,4.172275624854164e-7,57,5.487233138644698e-7
1391,4.172275624854164e-7,60,5.776034882783892e-7
1392,3.9855332679558483e-7,57,5.487233138644698e-7
1393,4.077873574460049e-7,55,5.294698642551901e-7
1394,3.806866019097168e-7,54,5.198431394505503e-7
1395,3.635938640754802e-7,62,5.968569378876688e-7
1396,3.472429138640694e-7,52,5.005896898412706e-7
1397,3.472429138640694e-7,44,4.2357589140415204e-7
1398,3.7204552753069973e-7,51,4.909629650366308e-7
1399,3.316028270484241e-7,61,5.87230213083029e-7
1400,3.16643907159054e-7,43,4.1394916659951225e-7
1401,3.0941092906978757e-7,45,4.332026162087919e-7
1402,3.0941092906978757e-7,55,5.294698642551901e-7
1403,3.16643907159054e-7,43,4.1394916659951225e-7
1404,3.2404003057147024e-7,36,3.465620929670335e-7
1405,2.9542065202682396e-7,35,3.3693536816239366e-7
1406,2.8865664769877455e-7,40,3.850689921855928e-7
1407,2.692503489800314e-7,55,5.294698642551901e-7
1408,2.9542065202682396e-7,40,3.850689921855928e-7
1409,2.8204237531932913e-7,43,4.1394916659951225e-7
1410,2.7557464938554785e-7,43,4.1394916659951225e-7
1411,2.6306641654580385e-7,41,3.946957169902326e-7
1412,2.5110773491195163e-7,44,4.2357589140415204e-7
1413,2.4532717659479475e-7,35,3.3693536816239366e-7
1414,2.4532717659479475e-7,26,2.502948449206353e-7
1415,2.396753657002832e-7,31,2.984284689438344e-7
1416,2.5110773491195163e-7,31,2.984284689438344e-7
1417,2.2874700854259592e-7,31,2.984284689438344e-7
1418,2.1325292617641452e-7,35,3.3693536816239366e-7
1419,2.183012657103531e-7,35,3.3693536816239366e-7
1420,2.0349287400900894e-7,32,3.080551937484742e-7
1421,2.0349287400900894e-7,33,3.1768191855311404e-7
1422,2.0349287400900894e-7,33,3.1768191855311404e-7
1423,1.8525280425713583e-7,25,2.406681201159955e-7
1424,1.9877633951343605e-7,21,2.021612208974362e-7
1425,1.7673653885180462e-7,26,2.502948449206353e-7
1426,1.9416566746364495e-7,31,2.984284689438344e-7
1427,1.8525280425713583e-7,28,2.6954829452991496e-7
1428,1.7673653885180462e-7,32,3.080551937484742e-7
1429,1.7262178453447197e-7,34,3.273086433577539e-7
1430,1.6466872647975805e-7,25,2.406681201159955e-7
1431,1.4981335460054502e-7,31,2.984284689438344e-7
1432,1.570710234449402e-7,37,3.5618881777167334e-7
1433,1.4630741900721778e-7,21,2.021612208974362e-7
1434,1.534006172796488e-7,18,1.7328104648351675e-7
1435,1.4630741900721778e-7,24,2.3104139531135567e-7
1436,1.3953245273974458e-7,28,2.6954829452991496e-7
1437,1.3953245273974458e-7,30,2.888017441391946e-7
1438,1.428810321030935e-7,20,1.925344960927964e-7
1439,1.3306193387122045e-7,17,1.6365432167887694e-7
1440,1.3953245273974458e-7,22,2.1178794570207602e-7
1441,1.2389824428696502e-7,13,1.2514742246031764e-7
1442,1.2389824428696502e-7,24,2.3104139531135567e-7
1443,1.2688265044315754e-7,22,2.1178794570207602e-7
1444,1.1534767055961368e-7,17,1.6365432167887694e-7
1445,1.2098194054664202e-7,12,1.1552069765567783e-7
1446,1.1534767055961368e-7,18,1.7328104648351675e-7
1447,1.0737054163833329e-7,21,2.021612208974362e-7
1448,1.0235256671520945e-7,10,9.62672480463982e-8
1449,1.0737054163833329e-7,23,2.2141467050671586e-7
1450,9.992965348048044e-8,12,1.1552069765567783e-7
1451,9.992965348048044e-8,17,1.6365432167887694e-7
1452,1.0235256671520945e-7,20,1.925344960927964e-7
1453,9.524965535248687e-8,11,1.0589397285103801e-7
1454,8.862606698467071e-8,16,1.540275968742371e-7
1455,9.078264657498756e-8,16,1.540275968742371e-7
1456,8.65192495251101e-8,15,1.444008720695973e-7
1457,8.862606698467071e-8,13,1.2514742246031764e-7
1458,9.299012289470016e-8,13,1.2514742246031764e-7
1459,8.245048363452373e-8,16,1.540275968742371e-7
1460,8.245048363452373e-8,16,1.540275968742371e-7
1461,8.245048363452373e-8,12,1.1552069765567783e-7
1462,7.856774935948368e-8,10,9.62672480463982e-8
1463,8.862606698467071e-8,9,8.664052324175838e-8
1464,7.856774935948368e-8,11,1.0589397285103801e-7
1465,7.307454178283778e-8,8,7.701379843711855e-8
1466,7.132779065249389e-8,14,1.3477414726495748e-7
1467,6.473762602352342e-8,14,1.3477414726495748e-7
1468,6.318487736133855e-8,12,1.1552069765567783e-7
1469,6.318487736133855e-8,14,1.3477414726495748e-7
1470,6.632742745497137e-8,10,9.62672480463982e-8
1471,6.018721186206665e-8,8,7.701379843711855e-8
1472,6.166834530584213e-8,10,9.62672480463982e-8
1473,5.8740676826651606e-8,9,8.664052324175838e-8
1474,5.7327957417417583e-8,6,5.776034882783892e-8
1475,5.8740676826651606e-8,10,9.62672480463982e-8
1476,5.460091928808562e-8,6,5.776034882783892e-8
1477,5.328511888412734e-8,5,4.81336240231991e-8
1478,5.460091928808562e-8,6,5.776034882783892e-8
1479,5.20001700481682e-8,6,5.776034882783892e-8
1480,5.20001700481682e-8,8,7.701379843711855e-8
1481,4.832349966471322e-8,6,5.776034882783892e-8
1482,4.4900162270721746e-8,6,5.776034882783892e-8
1483,4.601419594942271e-8,6,5.776034882783892e-8
1484,4.832349966471322e-8,8,7.701379843711855e-8
1485,4.381238468907079e-8,8,7.701379843711855e-8
1486,4.381238468907079e-8,9,8.664052324175838e-8
1487,4.2750263153176145e-8,7,6.738707363247874e-8
1488,4.1713210841366004e-8,10,9.62672480463982e-8
1489,3.874679364401157e-8,1,9.626724804639819e-9
1490,4.2750263153176145e-8,5,4.81336240231991e-8
1491,3.510914152804208e-8,5,4.81336240231991e-8
1492,3.688434019515114e-8,6,5.776034882783892e-8
1493,3.425301527853552e-8,7,6.738707363247874e-8
1494,3.341722787479809e-8,7,6.738707363247874e-8
1495,3.2601310311102835e-8,7,6.738707363247874e-8
1496,3.2601310311102835e-8,4,3.8506899218559276e-8
1497,3.2601310311102835e-8,3,2.888017441391946e-8
1498,3.425301527853552e-8,7,6.738707363247874e-8
1499,3.02682419708985e-8,5,4.81336240231991e-8
1500,2.8804073799577047e-8,3,2.888017441391946e-8
1501,3.180480402830209e-8,5,4.81336240231991e-8
1502,3.341722787479809e-8,2,1.9253449609279638e-8
1503,2.9527319326443248e-8,2,1.9253449609279638e-8
1504,2.8098095806423883e-8,3,2.888017441391946e-8
1505,2.6079807612834343e-8,6,5.776034882783892e-8
1506,2.6079807612834343e-8,5,4.81336240231991e-8
1507,2.5438984449909298e-8,4,3.8506899218559276e-8
1508,2.302569093471125e-8,2,1.9253449609279638e-8
1509,2.302569093471125e-8,2,1.9253449609279638e-8
1510,2.360721329738233e-8,2,1.9253449609279638e-8
1511,2.360721329738233e-8,4,3.8506899218559276e-8
1512,2.0836087924649782e-8,3,2.888017441391946e-8
1513,2.302569093471125e-8,6,5.776034882783892e-8
1514,2.1904233651499812e-8,3,2.888017441391946e-8
1515,2.1904233651499812e-8,6,5.776034882783892e-8
1516,2.1904233651499812e-8,8,7.701379843711855e-8
1517,1.981878826425897e-8,4,3.8506899218559276e-8
1518,1.9328465577902567e-8,4,3.8506899218559276e-8
1519,1.9328465577902567e-8,2,1.9253449609279638e-8
1520,1.981878826425897e-8,2,1.9253449609279638e-8
1521,1.748279471059501e-8,3,2.888017441391946e-8
1523,1.7048939219691504e-8,5,4.81336240231991e-8
1524,1.7048939219691504e-8,3,2.888017441391946e-8
1525,1.5809442032119018e-8,3,2.888017441391946e-8
1526,1.621250771766787e-8,3,2.888017441391946e-8
1527,1.6625592776996298e-8,2,1.9253449609279638e-8
1528,1.5416159241438634e-8,6,5.776034882783892e-8
1529,1.5032428275673906e-8,2,1.9253449609279638e-8
1530,1.5416159241438634e-8,6,5.776034882783892e-8
1531,1.5416159241438634e-8,3,2.888017441391946e-8
1532,1.3588583968460573e-8,3,2.888017441391946e-8
1533,1.2918342887540568e-8,3,2.888017441391946e-8
1534,1.2595434671381529e-8,3,2.888017441391946e-8
1535,1.2280410649052897e-8,1,9.626724804639819e-9
1537,1.2280410649052897e-8,1,9.626724804639819e-9
1540,1.1095471501551505e-8,1,9.626724804639819e-9
1541,1.0545633941419702e-8,1,9.626724804639819e-9
1543,1.0280785797456285e-8,2,1.9253449609279638e-8
1544,9.770434958101114e-9,2,1.9253449609279638e-8
1545,9.524624959860049e-9,3,2.888017441391946e-8
1546,9.284859641539988e-9,4,3.8506899218559276e-8
1547,1.0022437954994527e-8,2,1.9253449609279638e-8
1548,9.050994133288907e-9,2,1.9253449609279638e-8
1549,9.284859641539988e-9,1,9.626724804639819e-9
1551,8.38339788942751e-9,1,9.626724804639819e-9
1552,8.171749224867894e-9,2,1.9253449609279638e-8
1553,7.965325100983688e-9,1,9.626724804639819e-9
1555,7.376157146745067e-9,1,9.626724804639819e-9
1557,7.189402796448557e-9,1,9.626724804639819e-9
1558,7.007273002137776e-9,2,1.9253449609279638e-8
1559,7.56765043074854e-9,2,1.9253449609279638e-8
1560,6.656442924381299e-9,1,9.626724804639819e-9
1561,7.007273002137776e-9,1,9.626724804639819e-9
1564,6.487527058108293e-9,1,9.626724804639819e-9
1565,6.005535251604835e-9,1,9.626724804639819e-9
1567,5.558618601478447e-9,1,9.626724804639819e-9
1568,5.417004734446001e-9,1,9.626724804639819e-9
1569,5.7038511905314876e-9,2,1.9253449609279638e-8
1570,5.278921586023695e-9,1,9.626724804639819e-9
1571,5.558618601478447e-9,2,1.9253449609279638e-8
1572,4.7602079827734255e-9,2,1.9253449609279638e-8
1573,4.885007361906495e-9,2,1.9253449609279638e-8
1575,4.404232779448335e-9,1,9.626724804639819e-9
1577,4.181528742215625e-9,1,9.626724804639819e-9
1578,4.519895992888112e-9,1,9.626724804639819e-9
1580,3.9698569752830244e-9,1,9.626724804639819e-9
1581,4.07434781102564e-9,2,1.9253449609279638e-8
1582,3.76868337151121e-9,2,1.9253449609279638e-8
1583,3.867990286768379e-9,1,9.626724804639819e-9
1585,3.4855003794120434e-9,1,9.626724804639819e-9
1586,3.308397977255697e-9,1,9.626724804639819e-9
1589,3.059146382355133e-9,1,9.626724804639819e-9
1592,2.9032944768588287e-9,1,9.626724804639819e-9
1594,2.9802229354958636e-9,1,9.626724804639819e-9
1595,2.8283117144607742e-9,2,1.9253449609279638e-8
1598,2.48093967758291e-9,1,9.626724804639819e-9
1599,2.292958804064756e-9,1,9.626724804639819e-9
1600,2.292958804064756e-9,2,1.9253449609279638e-8
1602,2.3540137449768773e-9,1,9.626724804639819e-9
1611,1.7157595392714256e-9,1,9.626724804639819e-9
1615,1.7157595392714256e-9,1,9.626724804639819e-9
1640,8.361323432508834e-10,1,9.626724804639819e-9
1642,7.924658381256393e-10,1,9.626724804639819e-9
1652,6.391044371310991e-10,1,9.626724804639819e-9
1689,2.3379941238154435e-10,1,9.626724804639819e-9
1691,2.0949536470110765e-10,1,9.626724804639819e-9
1709,1.2404030387056375e-10,1,9.626724804639819e-9
